[{"id":0,"name":"L.Minho"},
{"id":1,"name":"R.Braga"},
{"id":2,"name":"L.Douro"},
{"id":3,"name":"L.Norte"},
{"id":4,"name":"L.Guimaraes"},
{"id":5,"name":"L.Vouga"},
{"id":6,"name":"L.Beira Alta"},
{"id":7,"name":"R.Lousa"},
{"id":8,"name":"R.Alfarelos"},
{"id":9,"name":"L.Oeste"},
{"id":10,"name":"R.Tomar"},
{"id":11,"name":"L.Beira Baixa"},
{"id":12,"name":"L.Sintra"},
{"id":13,"name":"L.Cintura"},
{"id":14,"name":"L.Cascais"},
{"id":15,"name":"L.Alentejo"},
{"id":16,"name":"L.Sul"},
{"id":17,"name":"L.Evora"},
{"id":18,"name":"L.Algarve"},
{"id":19,"name":"C.Funcheira"},
{"id":20,"name":"C.Verride"},
{"id":21,"name":"L.Aguas de Moura"},
{"id":22,"name":"R.Lourical"},
{"id":23,"name":"C.Beiras"}]