[{"password":"Pass","userName":"User","lines":[{"name":"L.Minho","id":0},{"name":"R.Braga","id":1}]},{"password":"Pass","userName":"User2","lines":[{"name":"L.Minho","id":0},{"name":"R.Braga","id":1}]},{"password":"Pass","userName":"User3","lines":[{"name":"L.Minho","id":0},{"name":"R.Braga","id":1},{"name":"L.Oeste","id":9}]},{"password":"Pass","userName":"User4","lines":[{"name":"L.Minho","id":0}]},{"password":"Pass","userName":"User5","lines":[{"name":"R.Braga","id":1}]},{"password":"Pass","userName":"User6","lines":[{"name":"L.Minho","id":0}]}]